{
  "spawn_point": [-60.8, 9.2],
  "spawn_direction": [0.8944271909999159, 0.447213595499958],
  "control_points": [
    [-60.8, 9.2],
    [0.0, 39.6],
    [80.4, 40.4],
    [110.4, -10.4],
    [151.0, -64.8],
    [154.0, -84.2],
    [152.2, -97.0],
    [146.6, -106.2],
    [70.0, -125.0],
    [41.8, -177.6],
    [-36.4, -148.4],
    [-10.8, -100.4],
    [-75.8, -50.6],
    [-159.4, -80.4],
    [-269.4, -108.0],
    [-278.6, -68.6],
    [-280.8, -15.8],
    [-131.4, -16.6]
  ],
  "widths": [
    30.0, 30.0, 30.0, 30.0, 30.0, 30.0, 30.0, 30.0, 30.0, 30.0, 30.0, 30.0,
    30.0, 30.0, 30.0, 30.0, 30.0, 30.0
  ]
}
