{
  "spawn_point": [
    -10.0,
    -60.2
  ],
  "spawn_direction": [
    -0.0016638912075408701,
    0.9999986157320665
  ],
  "control_points": [
    [
      -10.0,
      -60.2
    ],
    [
      -10.2,
      60.0
    ],
    [
      -10.0,
      150.2
    ],
    [
      69.8,
      90.0
    ],
    [
      230.2,
      79.8
    ],
    [
      350.0,
      190.0
    ],
    [
      240.6,
      195.4
    ],
    [
      36.2,
      224.0
    ],
    [
      -148.0,
      162.6
    ],
    [
      -126.4,
      109.8
    ],
    [
      -200.4,
      -19.6
    ],
    [
      -379.0,
      -47.0
    ],
    [
      -394.6,
      -121.6
    ],
    [
      -302.2,
      -103.8
    ],
    [
      -199.0,
      -177.8
    ],
    [
      -123.2,
      -106.8
    ],
    [
      -45.8,
      -179.8
    ],
    [
      -17.2,
      -176.4
    ]
  ],
  "widths": [
    30.0,
    30.0,
    30.0,
    30.0,
    30.0,
    30.0,
    30.0,
    30.0,
    30.0,
    30.0,
    30.0,
    30.0,
    30.0,
    30.0,
    30.0,
    30.0,
    30.0,
    30.0
  ]
}