{
  "spawn_point": [-50.0, -50.8],
  "spawn_direction": [0.005697913200916325, 0.9999837667608185],
  "control_points": [
    [-50.0, -50.8],
    [-49.6, 19.4],
    [-49.8, 429.2],
    [110.0, 419.8],
    [219.8, 339.8],
    [329.6, 379.4],
    [419.2, 229.4],
    [242.2, 232.6],
    [287.6, 74.4],
    [299.8, -160.6],
    [160.6, -44.6],
    [18.0, -173.8],
    [-42.4, -161.6]
  ],
  "widths": [
    30.0, 30.0, 30.0, 30.0, 30.0, 30.0, 30.0, 30.0, 30.0, 30.0, 30.0, 30.0, 30.0
  ]
}
