{
  "spawn_point": [
    -90.2,
    -19.2
  ],
  "spawn_direction": [
    0.0,
    1.0
  ],
  "control_points": [
    [
      -90.2,
      -19.2
    ],
    [
      -90.2,
      40.4
    ],
    [
      -89.6,
      90.6
    ],
    [
      -90.2,
      160.0
    ],
    [
      20.0,
      239.8
    ],
    [
      154.0,
      210.4
    ],
    [
      250.0,
      129.8
    ],
    [
      167.4,
      64.4
    ],
    [
      129.6,
      3.0
    ],
    [
      153.4,
      -63.4
    ],
    [
      216.4,
      -118.4
    ],
    [
      154.4,
      -210.0
    ],
    [
      -73.0,
      -131.4
    ],
    [
      -82.8,
      -74.2
    ]
  ],
  "widths": [
    50.0,
    50.0,
    50.0,
    50.0,
    50.0,
    50.0,
    50.0,
    50.0,
    50.0,
    50.0,
    50.0,
    50.0,
    50.0,
    50.0
  ],
  "records": {
    "fastest_lap_time": 33.53333333333271,
    "fastest_sector_times": [
      2.066666666666664,
      0.9166666666666634,
      1.1166666666666631,
      3.3833333333333213,
      2.366666666666757,
      2.116666666666772,
      8.51666666666661,
      1.3833333333332547,
      1.4499999999999176,
      1.716666666666569,
      2.5833333333331865,
      3.9999999999997726,
      1.0166666666666124,
      0.8999999999999488
    ]
  }
}