{
  "spawn_point": [
    -90.2,
    -19.2
  ],
  "spawn_direction": [
    0.0,
    1.0
  ],
  "control_points": [
    [
      -90.2,
      -19.2
    ],
    [
      -90.2,
      40.4
    ],
    [
      -89.6,
      90.6
    ],
    [
      -90.2,
      160.0
    ],
    [
      20.0,
      239.8
    ],
    [
      154.0,
      210.4
    ],
    [
      250.0,
      129.8
    ],
    [
      167.4,
      64.4
    ],
    [
      129.6,
      3.0
    ],
    [
      153.4,
      -63.4
    ],
    [
      216.4,
      -118.4
    ],
    [
      154.4,
      -210.0
    ],
    [
      -73.0,
      -131.4
    ],
    [
      -82.8,
      -74.2
    ]
  ],
  "widths": [
    50.0,
    50.0,
    50.0,
    50.0,
    50.0,
    50.0,
    50.0,
    50.0,
    50.0,
    50.0,
    50.0,
    50.0,
    50.0,
    50.0
  ],
  "records": {
    "fastest_lap_time": 27.566666666666382,
    "fastest_sector_times": [
      2.066666666666664,
      0.9166666666666634,
      1.08333333333333,
      2.0666666666666593,
      1.9000000000000075,
      1.9333333333334295,
      2.150000000000107,
      1.2500000000000622,
      1.3833333333332547,
      1.6499999999999062,
      1.8833333333332263,
      4.216666666666427,
      0.649999999999963,
      0.8499999999999517
    ]
  }
}