{
  "episodes_completed": 41,
  "best_reward": 140.16637602895483,
  "reward_history": [
    72.60437959474514,
    90.51866365909564,
    11.84432161257877,
    80.19889951944359,
    22.36317172749666,
    10.917708007784144,
    69.1811461430787,
    122.80385950521568,
    23.92746111647999,
    104.92221244275562,
    15.442504011690275,
    140.16637602895483,
    16.985849397834457,
    80.30107139408581,
    96.93596457660185,
    42.43693990038202,
    33.54166871841975,
    72.70488691762093,
    74.03398832201968,
    113.52314220666881,
    61.72280790690432,
    31.35156085545277,
    13.141658957565356,
    11.438686967605644,
    21.831896183109656,
    16.216765564879154,
    20.60894093572678,
    77.71063580155375,
    63.78914838774776,
    20.875621605671032,
    16.42913727971662,
    16.573864651731892,
    44.19654907396065,
    73.20343730509276,
    11.688326088392497,
    12.772859641674062,
    42.36301975517167,
    7.631481380775148,
    78.05256018319389,
    36.25726498843692,
    64.90436133742331
  ],
  "history_limit": 200
}
